username,account_age_days,followers,following,followers_following_ratio,posts,freq_per_day,avg_retweets,avg_likes,burstiness,hashtag_ratio,url_ratio,embed,heur_score,heur_label,buzzer_prob,coord_cluster,coordination_score,network_centrality,temporal_anomaly,buzzer_prob_enhanced,risk_category,buzzer_type_primary,buzzer_type_secondary,activity_pattern,type_confidence,government_score,opposition_score,commercial_score,spam_score
arif_stiawan20,0,0,0,1.0,1,1.0,0.0,0.0,0.0,1.0,0.0,"[-2.28697658e-02  6.55997321e-02 -3.30503173e-02  1.82816200e-02
 -1.16596408e-01  2.26926897e-02  7.74775967e-02 -7.80522916e-03
 -1.13863805e-02 -2.84887627e-02  1.52080460e-02 -4.30518053e-02
 -4.52647693e-02 -5.74108735e-02  4.77665104e-02  1.26778483e-02
 -1.30716069e-02  2.72800140e-02 -3.14550512e-02 -2.89603155e-02
  4.06154245e-02  2.65015289e-02 -1.99013930e-02  4.17816900e-02
 -1.06028328e-02  5.41013218e-02  6.24686703e-02 -3.42427567e-02
  5.91511019e-02 -7.16845542e-02  3.71300569e-03  1.31036714e-01
  6.83268309e-02 -5.95889278e-02  1.49027081e-02  8.47779959e-02
 -3.59922238e-02 -3.92181650e-02  5.04905768e-02  9.93867125e-03
 -6.56228885e-03 -1.59613639e-02 -8.62263958e-04 -2.67876480e-02
  5.57534434e-02 -1.62502006e-02 -9.36578959e-02  4.28938158e-02
 -1.38057573e-02 -2.82278098e-02 -1.16499826e-01 -4.33552526e-02
 -1.99401956e-02  4.08450961e-02  3.69344130e-02 -1.03683189e-01
 -7.73758963e-02 -7.25873094e-03  2.82394961e-02 -5.98807931e-02
  1.95091555e-03  6.79055229e-02 -1.14412419e-02 -1.97818559e-02
  1.63891949e-02 -1.55429670e-03  4.24235463e-02 -5.97863039e-03
  1.76591449e-03  4.23671268e-02 -5.26303686e-02 -9.05642062e-02
 -5.09051047e-02  1.30907461e-01 -1.14202060e-01  1.21665075e-02
  3.63451764e-02 -3.07326484e-02  2.21211296e-02 -7.12264376e-03
 -6.97620586e-03 -1.95761006e-02  6.42055571e-02 -8.67666036e-04
 -5.00120111e-02 -4.47686128e-02 -9.28616375e-02  4.28103050e-03
 -2.31163539e-02  1.15046483e-02  7.74064362e-02  2.09432077e-02
  2.52305996e-02 -9.87120792e-02 -5.27910814e-02 -6.82330877e-02
 -8.00464228e-02 -2.47047562e-02 -1.77288447e-02  4.85733896e-02
  1.93043854e-02  8.32846016e-03  9.04108211e-03 -2.09809467e-02
 -1.42831588e-02 -2.93432474e-02  1.04440853e-03 -7.97594115e-02
  6.01416677e-02  1.74657255e-02 -1.01199225e-01 -3.84319836e-04
 -7.29206279e-02 -8.72175619e-02  2.34611295e-02  2.74906009e-02
  2.99641453e-02 -2.01014541e-02  2.32424848e-02  3.33782472e-02
 -5.05858101e-02 -1.90020259e-02  2.85198428e-02 -1.24204103e-02
 -1.58670153e-02 -7.16179702e-03 -2.37329514e-03  1.44054629e-32
  6.35018060e-03 -7.77325705e-02  9.51433778e-02 -9.30452794e-02
  1.78329647e-02 -1.31143734e-01  1.86945442e-02 -9.46410298e-02
  2.53858324e-03 -3.32652219e-02  2.97420118e-02  3.06864809e-02
  5.55319665e-03 -2.01746095e-02  4.83072214e-02 -2.63850056e-02
 -2.09528636e-02 -2.99427062e-02 -1.77572593e-02  3.72552611e-02
 -1.82011761e-02  6.42900094e-02  5.18791601e-02  1.93575621e-02
 -9.56859346e-03  1.75599568e-02  4.33878712e-02 -5.42031527e-02
 -3.86006478e-03  6.60341531e-02  8.65625888e-02 -4.99554984e-02
 -6.75997362e-02 -6.68546259e-02 -1.86280504e-01 -2.29278281e-02
 -6.11159839e-02 -7.80428946e-02 -6.54909685e-02 -9.25141498e-02
  4.59556375e-03 -3.67479958e-02  1.13477167e-02  9.32720155e-02
  1.52157322e-02  7.98210502e-02 -4.86734025e-02 -1.92091968e-02
  3.29627320e-02  7.47959912e-02 -8.91922787e-02 -9.56205186e-03
 -9.58327055e-02  8.25701933e-03  1.79158617e-02  2.10293406e-03
  9.99351963e-03  7.12399604e-03  8.59347917e-03 -1.27890687e-02
  5.50328568e-03 -1.44318817e-02 -6.12217700e-03 -3.07816416e-02
 -9.53626726e-03 -1.23241477e-01 -1.09268082e-02  9.81226377e-03
 -5.84942140e-02 -1.09523669e-01  7.47182174e-03 -8.58034659e-03
  3.01764682e-02  1.04039282e-01 -1.09839544e-01 -1.02164447e-02
  2.29088552e-02  2.87184231e-02  1.02259987e-03  4.03145179e-02
 -2.36835666e-02  4.99574915e-02  2.40296852e-02 -6.75948262e-02
  5.25846705e-02  2.67226193e-02  6.12088554e-02 -6.57432675e-02
  2.13059168e-02  5.95668294e-02 -8.81059840e-02  4.52709012e-02
  5.77531680e-02  2.90412903e-02 -4.38377745e-02 -1.34757688e-32
  4.66991141e-02 -1.33880526e-02 -5.90234585e-02  7.69269615e-02
  1.63818791e-03  3.25488672e-02  2.59533320e-02  9.71685257e-03
  2.91336346e-02  5.10932319e-03 -2.03306088e-03 -2.98239812e-02
  8.20595548e-02 -1.14481535e-03  1.19588040e-02 -4.61131372e-02
  1.08981788e-01  8.36547166e-02 -5.10172285e-02  7.92385486e-04
  8.78469925e-03  8.31581205e-02  2.14032345e-02  8.12192932e-02
  7.88970385e-03  3.16362418e-02  3.86687787e-03 -4.21015881e-02
 -7.73801003e-03  3.88283134e-02  5.48942648e-02  2.48919260e-02
 -5.52914068e-02  7.87838420e-04 -3.78933512e-02 -1.27115712e-01
  7.86553323e-02  1.97826121e-02 -3.99445295e-02  2.81681456e-02
  3.01432051e-02  5.93502447e-02 -2.20552254e-02  2.00069826e-02
  2.44702242e-04  5.52607365e-02  2.73419600e-02 -4.34732325e-02
 -2.89736409e-02 -1.03038587e-01  6.74899369e-02  2.96662729e-02
 -1.06781181e-02 -1.37532447e-02  3.44836898e-02  1.36465998e-02
 -5.53417094e-02 -4.21904176e-02 -5.36597855e-02  7.38785742e-03
  1.48611134e-02 -3.85234132e-04  4.12454605e-02 -8.60080682e-03
  8.23161453e-02  6.98751491e-03  1.36832632e-02 -4.55230325e-02
  1.19057335e-02 -5.35431616e-02 -1.90162435e-02 -4.48016040e-02
 -4.16017547e-02  3.79016697e-02 -2.79809814e-02  2.19000187e-02
 -2.82024834e-02  4.14793640e-02 -2.08444218e-03 -6.05455115e-02
  4.02226262e-02  9.53506771e-03 -5.84902018e-02  7.47903585e-02
 -1.17777067e-03 -6.26645386e-02  8.24381635e-02  2.26561651e-02
  4.16994542e-02  1.99603476e-02 -5.86867593e-02  9.11761075e-03
 -1.94694810e-02  1.27877742e-01  3.10429633e-02 -4.43248922e-08
  4.49451841e-02 -1.26949191e-01 -1.97269749e-02  4.51936796e-02
  5.31840087e-05 -1.95535086e-02 -3.73101123e-02 -2.20713634e-02
 -2.59902924e-02 -4.66919923e-03  2.64774775e-03  4.71720174e-02
 -2.79620718e-02 -1.20806135e-02  5.69184422e-02 -3.42307389e-02
  5.44333607e-02  7.75591210e-02  3.53290848e-02 -7.85946548e-02
  8.80507752e-02 -4.44292612e-02  4.62914295e-02  3.89123596e-02
  7.15988269e-03  9.26490575e-02  3.70566957e-02  1.53606730e-02
  5.27771711e-02  5.27748130e-02  1.90749541e-02  2.30939444e-02
 -2.04006117e-02  2.79735588e-02  3.38018015e-02 -8.19760468e-03
 -2.79023033e-02  1.51787736e-02  5.37564941e-02  8.61429647e-02
 -8.27088580e-02 -6.79158419e-02  3.94473933e-02  3.00062560e-02
 -5.63302562e-02  1.47748450e-02  8.29113927e-03  5.33032119e-02
 -3.02269906e-02 -1.15825221e-01 -5.34310192e-02 -8.16208050e-02
  5.04968688e-02  2.00657435e-02  2.08750088e-02  1.19256362e-01
  9.23871547e-02 -8.33962578e-03 -3.39652710e-02  6.33269176e-03
  1.35572851e-01 -4.32755649e-02 -6.05063625e-02  3.56052704e-02]",0.12499999999999999,1,0.0,0,0.7,1.0,0.0,0.41000000000000003,LOW,komersial,pemerintah,organik,0.1,0,0,0,0
bayu_widodo37,0,0,0,1.0,1,1.0,0.0,0.0,0.0,1.0,0.0,"[ 1.03744380e-02  6.62273094e-02 -5.56920581e-02  9.03601572e-03
 -8.36438239e-02  2.05244147e-03  6.98556527e-02  2.58657485e-02
 -9.43114981e-03 -6.78530559e-02  3.91462334e-02 -2.20595449e-02
 -1.95266996e-02 -6.88793510e-02  1.28066456e-02  2.63135211e-04
 -4.65731211e-02  1.34281963e-02 -3.55564728e-02 -1.88835990e-02
  1.92255154e-02  4.17729607e-03 -2.75656655e-02  4.64956127e-02
  2.29418417e-03  1.48711409e-02  8.00925419e-02 -4.71372493e-02
 -1.71636064e-02 -3.05070672e-02  1.02698421e-02  1.18906081e-01
  4.72108461e-02 -4.90025617e-02 -4.74280817e-03  7.81430304e-02
 -5.26781604e-02 -9.05159581e-03  7.08321631e-02 -6.93683513e-03
  1.00880358e-02 -6.54249415e-02 -1.73410289e-02 -4.07974385e-02
  8.03163797e-02  7.95487035e-03 -6.75440803e-02 -3.19552445e-03
 -3.51087376e-02  4.56823502e-03 -7.46230781e-02  1.92979351e-02
 -5.85558871e-03  4.91442569e-02  8.06626678e-02 -1.76865369e-01
 -6.98124990e-02 -2.25221552e-02  4.76202071e-02 -7.43808299e-02
  1.14557510e-02  4.72178608e-02  6.52767625e-03 -2.17004884e-02
  3.51105109e-02 -2.05422007e-02  4.87079583e-02  1.79570040e-03
 -3.10535189e-02  5.02996258e-02 -6.79385960e-02 -6.64470717e-02
 -3.33202109e-02  9.38417241e-02 -1.23308495e-01 -8.88336543e-03
  3.79245840e-02 -4.43991423e-02  1.23072146e-02 -2.77742948e-02
  3.10527347e-03  5.90110105e-03  8.50672275e-02  5.74641153e-02
 -5.03921881e-02 -1.58826541e-02 -4.17352915e-02  2.03357600e-02
 -3.95832844e-02 -2.06963681e-02  7.10656345e-02  2.86226813e-03
  1.42756952e-02 -8.67175758e-02 -4.53123152e-02 -5.89032173e-02
 -1.16806723e-01 -5.33388220e-02 -2.38651466e-02  4.91527691e-02
 -3.21059562e-02 -6.11767499e-03  6.52913377e-03 -4.41133529e-02
 -4.86162603e-02 -3.04664951e-02  2.22693216e-02 -7.80338794e-02
  4.86816503e-02  1.41969873e-02 -1.01397604e-01  5.39135281e-03
 -7.12530166e-02 -7.80661255e-02  5.23001328e-02  5.06564379e-02
  4.21897843e-02  4.43881843e-03  1.60821322e-02  2.11896803e-02
 -2.74019036e-02  1.05181541e-02  2.60357074e-02 -9.41827800e-03
 -3.55933197e-02 -1.11996820e-02  9.59719066e-03  1.44331413e-32
 -3.89765203e-02 -1.14851266e-01  9.89241824e-02 -5.38532138e-02
  3.77605557e-02 -1.19273715e-01  3.25678959e-02 -1.00322179e-01
  1.52174840e-02 -6.14964217e-02  3.45804282e-02 -1.47583699e-02
  2.12416872e-02 -4.77030966e-03  2.89043970e-02 -7.00941086e-02
 -2.13150121e-02 -2.81683709e-02 -5.88242337e-02  1.56773757e-02
 -5.39844111e-02  6.77387938e-02  5.83538339e-02 -1.22067407e-02
  7.58606987e-03 -6.44179657e-02  3.25861275e-02 -4.85560074e-02
  2.38354374e-02  4.07546982e-02  7.54848793e-02  1.42540224e-02
 -6.66318089e-02 -4.40249704e-02 -1.34874225e-01  3.95545270e-04
 -2.73358524e-02 -6.91093728e-02 -2.02633310e-02 -1.26029417e-01
  7.83151248e-04 -2.56114192e-02  4.71030697e-02  3.24090533e-02
  2.55753454e-02  1.19906418e-01 -8.19832087e-02  1.48081817e-02
 -3.57294865e-02  1.06952384e-01 -9.43155885e-02  1.28135514e-02
 -5.03478907e-02 -3.00407838e-02  3.42978761e-02 -5.88548519e-02
 -5.95112506e-04  3.82242771e-03  7.24847429e-03  2.14048997e-02
 -2.92691197e-02 -2.33645327e-02 -3.80605906e-02 -1.72791053e-02
 -3.48812602e-02 -1.92489717e-02 -4.44332398e-02  2.75980458e-02
 -2.30133180e-02 -8.21818188e-02 -7.17292959e-03 -5.85422339e-03
 -1.33347027e-02  7.23314807e-02 -8.41919258e-02 -2.58180425e-02
 -1.52119910e-02  5.92328683e-02  6.88199652e-05  6.63959086e-02
 -2.47660950e-02  5.94488345e-02  2.38140430e-02 -8.82689282e-02
  6.60025328e-02  9.35862958e-03  1.10587187e-03 -8.82538706e-02
  4.74871732e-02  5.63243590e-02 -8.21506605e-02  5.05760275e-02
  4.30911258e-02  3.73053551e-02 -2.07176059e-02 -1.37145058e-32
  5.76644875e-02 -9.38927662e-03 -9.02319402e-02  7.68139064e-02
 -7.13563699e-04  4.64675315e-02  5.13246432e-02 -4.86688837e-02
  8.44958890e-03  2.24398691e-02  1.18323322e-02 -9.49834648e-04
  6.57008663e-02  1.51784839e-02  1.58811510e-02 -1.92319194e-03
  1.04435258e-01  7.73405060e-02  2.19815178e-03 -1.23508386e-02
  2.50821356e-02  8.36741924e-02  1.87236927e-02  7.82156438e-02
  2.13995371e-02  2.29153913e-02 -5.36296004e-03  2.87979096e-02
  2.33969484e-02 -2.07499620e-02  2.16425434e-02 -2.00444143e-02
 -4.74373959e-02  4.93189842e-02 -3.65075581e-02 -1.04489937e-01
  9.80210826e-02  2.42222752e-02 -4.40923199e-02  8.33858829e-03
 -2.14640349e-02  2.15693451e-02 -1.64951459e-02  3.51313800e-02
 -1.85313243e-02  2.39246450e-02  2.72892900e-02 -7.41356984e-03
 -3.90277170e-02 -1.49705499e-01  7.71366134e-02  2.12961789e-02
  2.17405278e-02  5.57954703e-03  2.25928873e-02  5.74919358e-02
 -2.39156093e-02 -5.34124784e-02 -8.46594572e-02  1.45676695e-02
  3.60871176e-03  6.36553392e-02  6.36916459e-02  2.63510086e-02
  4.46578451e-02 -8.51186272e-03  3.05854576e-03 -6.90032914e-02
  3.82372700e-02 -1.07229680e-01  1.33770891e-03 -4.05844226e-02
 -2.58499524e-04  1.99296847e-02 -4.31405194e-02 -1.48883313e-02
 -4.80861440e-02  6.19516633e-02 -4.29853648e-02 -3.33772935e-02
  3.16117443e-02 -1.00518167e-02 -5.08643761e-02  1.02386817e-01
 -3.51553522e-02 -5.79234250e-02  8.47973600e-02  1.07968440e-02
  7.68478308e-03  1.38503406e-02 -4.49842028e-02  2.06484664e-02
 -1.50527600e-02  1.41763404e-01  5.09549864e-02 -4.76783946e-08
  2.64332425e-02 -8.39451328e-02  1.10229421e-02  2.20890231e-02
 -2.87848823e-02 -1.55346189e-02  5.11106569e-03 -5.66290319e-02
 -6.69986978e-02  3.49298008e-02 -1.48703139e-02  4.89793494e-02
 -1.60589535e-02  1.25070903e-02  4.71853800e-02 -5.53619713e-02
  1.09112613e-01  6.56689629e-02  2.85536665e-02 -5.00697568e-02
  8.68200287e-02 -7.37922043e-02  2.50153374e-02  6.73288032e-02
 -1.67602164e-04  6.95897788e-02  1.62953865e-02  5.00585139e-03
  6.01944402e-02  5.55718169e-02  2.14078743e-02  3.19352038e-02
  1.64425373e-02  1.17378365e-02  9.05414578e-03  3.02672535e-02
 -3.30219157e-02  8.02619103e-03  6.09119125e-02  8.55767727e-02
 -5.91240749e-02 -1.17437690e-02  9.31003019e-02 -5.43818111e-03
 -2.15528551e-02 -1.94144975e-02 -2.92840730e-02  3.19173373e-02
 -8.22335482e-03 -1.13551080e-01  7.60869775e-03 -2.44534165e-02
  6.93096817e-02  2.07107868e-02  1.73815042e-02  1.14425696e-01
  5.85250147e-02 -2.15749945e-02 -2.86728553e-02  2.67381556e-02
  1.45557702e-01 -3.38986591e-02 -4.17532921e-02  4.83279936e-02]",0.12499999999999999,1,0.0,0,0.7,1.0,0.0,0.41000000000000003,LOW,komersial,oposisi,organik,0.25249999999999995,0,0,0,0
cakrajiya_ntsr,0,0,0,1.0,1,1.0,0.0,0.0,0.0,1.0,0.0,"[-5.51366340e-03  1.09959491e-01 -4.90072444e-02 -2.41766423e-02
 -8.95666108e-02  1.68311056e-02  5.78446724e-02  6.70953318e-02
  9.69855301e-03 -3.42582278e-02  2.44732108e-02 -6.93339435e-03
 -4.09013126e-03 -5.59568442e-02  3.79348323e-02 -2.43958179e-02
 -3.71131562e-02  3.43463868e-02 -7.00291395e-02 -2.96544004e-02
  4.54187579e-02  1.51737448e-04 -1.45862307e-02  4.81099403e-03
 -4.76135034e-03  3.44229415e-02  6.06121086e-02 -2.44801864e-02
  1.08489478e-02 -4.60688658e-02  4.21203747e-02  1.45190775e-01
  5.14812768e-03 -3.12909372e-02 -1.63778178e-02  8.65278468e-02
 -6.86042085e-02 -6.28031930e-03  4.70791571e-02 -3.72830853e-02
  1.47133740e-02 -5.32032624e-02 -1.70056112e-02 -5.68443276e-02
  7.63633326e-02  6.85489643e-03 -1.16027042e-01 -1.18945260e-02
 -3.18962336e-02 -5.02990419e-03 -6.92715123e-02  1.67163294e-02
  4.14340347e-02  3.01155411e-02  3.69807892e-02 -1.31062195e-01
 -3.66814099e-02 -2.50547286e-02  2.24730838e-03 -5.88960275e-02
 -1.15381274e-02  7.48615935e-02 -4.19307016e-02 -4.23854031e-02
  1.71187446e-02  2.00577918e-03  1.94016527e-02 -1.30315395e-02
 -3.05677168e-02  1.93560403e-02 -5.63862175e-02 -8.57634693e-02
 -2.10652966e-02  9.79916155e-02 -8.44039395e-02  3.62260872e-03
  1.25707788e-02  2.20794119e-02  2.03945208e-02 -5.46707958e-02
  1.08262640e-03 -6.50365418e-03  3.11666057e-02  4.68400158e-02
 -4.03027125e-02 -3.72560546e-02 -3.87463048e-02  1.15978727e-02
 -3.16083543e-02 -7.60373473e-03  9.88469347e-02  3.85518372e-02
 -1.31268827e-02 -6.53780922e-02 -1.01467103e-01 -6.94385767e-02
 -1.12036474e-01 -4.55095917e-02 -4.57591228e-02  2.91289948e-02
 -7.32093258e-03  1.45685961e-02  4.15235236e-02 -2.29310580e-02
 -4.09698784e-02 -3.66999768e-02  3.73092517e-02 -3.17200422e-02
  5.87490611e-02  1.80429295e-02 -7.54851922e-02 -2.07053758e-02
 -7.96793550e-02 -6.77788854e-02  5.49768396e-02  5.25468439e-02
  6.57504378e-03  1.02670323e-02  2.10491363e-02  2.15278417e-02
 -2.08666380e-02  2.57678628e-02  1.93594825e-02 -4.58408855e-02
  3.86669394e-03 -1.63357537e-02  1.90993939e-02  1.70631542e-32
 -4.97936085e-02 -8.78764242e-02  8.71281251e-02 -8.66299570e-02
  2.32285317e-02 -1.50379434e-01  1.49526605e-02 -8.66939127e-02
  7.14306012e-02 -4.71385419e-02  3.44080217e-02 -3.79463136e-02
 -1.66028310e-02 -5.44436686e-02  1.88156758e-02 -9.23518240e-02
  1.15091344e-02 -4.43510488e-02 -4.43869568e-02  3.92234065e-02
 -2.61109918e-02  5.41167445e-02  5.72035387e-02 -2.42863130e-02
 -1.12946518e-02 -2.61741914e-02  5.43942004e-02 -7.44043440e-02
  3.48071083e-02  5.83347231e-02  9.36890170e-02 -2.70614158e-02
 -6.66997135e-02 -4.34353054e-02 -1.35064363e-01 -3.22478265e-02
 -4.34904620e-02 -3.02470773e-02 -1.26485080e-02 -9.92828384e-02
  3.17959972e-02 -3.76294814e-02  6.93790913e-02  1.73549652e-02
  2.96632499e-02  1.33195907e-01 -2.95323599e-02  4.54793610e-02
  2.00974066e-02  9.63641703e-02 -6.32608980e-02 -6.44986518e-03
 -7.33601078e-02  1.66976079e-02  4.62394319e-02  2.68368572e-02
 -3.18735503e-02 -9.37426742e-03  3.60027105e-02 -1.28547894e-02
 -1.29565410e-02  4.89595626e-03 -2.25351043e-02  1.51956799e-02
 -2.53445767e-02 -1.11931145e-01  5.22810908e-04  2.12743500e-04
 -4.20493484e-02 -3.73386405e-02 -4.13842462e-02  2.71735736e-03
  3.01390812e-02  1.02672771e-01 -1.01063758e-01 -1.03067392e-02
  3.64677608e-02  7.95555487e-02 -1.23647870e-02  5.65682575e-02
 -2.14994308e-02  4.32005674e-02  8.15872219e-04 -1.07979402e-01
  5.63220158e-02  4.63991463e-02  1.95230749e-02 -7.27236196e-02
  3.52938361e-02  6.86909184e-02 -3.82161736e-02  7.51307383e-02
 -3.29086371e-03  6.52674660e-02 -3.24107558e-02 -1.59167636e-32
  9.78045315e-02 -5.80815366e-03 -2.61887610e-02  5.49951158e-02
  1.41578438e-02  7.16663823e-02  1.48333479e-02 -1.29405335e-02
  2.08843648e-02  2.93082818e-02  4.09431662e-03  2.53780242e-02
  5.55066988e-02 -3.42013612e-02 -6.15987740e-03 -3.71776596e-02
  7.14778453e-02  7.23335221e-02 -4.22718599e-02 -3.93255614e-04
 -3.71508412e-02  1.21785469e-01  3.89771350e-02  3.55632789e-02
  2.48920117e-02  4.69056657e-03 -1.67192649e-02  5.23443855e-02
 -1.27750169e-02  2.12024245e-03  6.98351264e-02 -5.48665784e-03
 -4.75353338e-02  8.16884451e-03 -3.17701027e-02 -1.38953745e-01
  8.92422274e-02  5.76299876e-02 -2.90448703e-02  3.61424759e-02
 -3.40649411e-02  4.24998216e-02  9.47427377e-03 -5.67782158e-03
 -7.77681824e-03 -7.25047812e-06  1.12230433e-02 -3.88355926e-02
 -2.77631450e-02 -8.75813216e-02  9.19248760e-02  4.29436490e-02
  4.31298576e-02 -4.03161570e-02  3.77155878e-02  4.27884758e-02
 -3.50905606e-03 -9.99342054e-02 -6.69582039e-02 -2.31588185e-02
 -3.25101167e-02  3.38312760e-02  9.09348875e-02 -7.70678185e-03
  3.49417739e-02 -3.71182635e-02  5.57257142e-03 -2.69630626e-02
  3.13671790e-02 -2.87858602e-02 -7.93165807e-03 -3.56831551e-02
  1.23422137e-02  2.67197974e-02  1.15330871e-02  1.42427813e-02
 -1.86897498e-02  3.94614674e-02 -3.22519988e-02 -8.34602639e-02
  3.86705548e-02  3.42019871e-02 -7.80973434e-02  4.22771983e-02
 -7.35730901e-02 -9.71185714e-02  4.62285057e-02 -9.11906920e-03
  2.83682197e-02 -9.78517579e-04 -3.55318300e-02  2.30742842e-02
 -1.46907447e-02  1.33303285e-01  2.91336756e-02 -4.97623880e-08
 -1.65995155e-02 -1.37157261e-01 -3.52199711e-02  2.96782907e-02
  1.16656283e-02 -2.78469697e-02 -1.77927092e-02 -4.01592776e-02
 -4.63904776e-02  1.42791250e-03  3.58168106e-03  4.93416749e-02
 -7.86509812e-02  1.59974005e-02 -1.08953919e-02 -4.98636961e-02
  8.65104347e-02  6.97215348e-02  1.65324826e-02 -5.83588406e-02
  9.38957483e-02 -9.76161137e-02  1.05877249e-02  3.70512791e-02
  4.10419926e-02  1.03774428e-01  1.01116467e-02 -1.99043322e-02
  2.18875743e-02  2.54521724e-02  4.92707267e-02  3.91717330e-02
  8.80528707e-03  2.60340814e-02  3.51420306e-02  1.50897438e-02
 -3.51050496e-02  2.90323291e-02  4.39438634e-02  8.31110105e-02
 -3.17283422e-02  8.56859609e-03  9.16556716e-02  9.06825066e-03
 -5.69229126e-02 -2.74662804e-02 -1.25833955e-02  3.25513743e-02
  1.88484862e-02 -6.94887936e-02 -3.50385755e-02 -2.56321952e-02
  8.54292884e-02  2.88627623e-03 -1.47491624e-03  1.10166758e-01
  5.34622483e-02 -1.31168012e-02 -9.83007066e-03  1.90059636e-02
  1.28545716e-01 -6.32152781e-02 -4.70519364e-02  6.76503628e-02]",0.12499999999999999,1,0.0,0,0.7,1.0,0.0,0.41000000000000003,LOW,komersial,pemerintah,organik,0.1,0,0,0,0
juan_adryan82,0,0,0,1.0,1,1.0,0.0,0.0,0.0,1.0,0.0,"[-1.15594240e-02  6.83284774e-02 -2.65909433e-02  3.80632728e-02
 -1.40242979e-01 -8.62928014e-03  2.57769376e-02  3.50150317e-02
  2.15248321e-03 -5.77497073e-02  7.17140362e-02 -7.55354688e-02
 -3.55382869e-03 -1.21738411e-01  8.14205222e-03  3.23806889e-02
 -4.92323861e-02  4.96892557e-02 -1.84523724e-02  7.09176529e-03
  2.08636876e-02  3.18961665e-02 -1.79242343e-02  3.11304778e-02
  8.80880747e-03  2.34698653e-02  4.88397367e-02 -1.97557937e-02
  3.77531759e-02 -7.12547302e-02 -1.16114859e-02  1.82097122e-01
  3.27106901e-02 -4.21600975e-02  4.31048200e-02  4.68229391e-02
 -4.58168387e-02 -5.33949323e-02  7.44500831e-02  3.89985926e-03
  2.31079161e-02 -4.02855128e-02 -1.73292716e-03 -2.00664978e-02
  4.50757220e-02 -9.65136103e-04 -2.77930293e-02  2.47207209e-02
 -6.94101900e-02 -9.52824205e-03 -5.18989936e-02 -1.70112420e-02
 -3.65013331e-02  8.38549882e-02  2.64930967e-02 -1.36211812e-01
 -3.74996364e-02 -5.50178811e-02 -9.03767010e-04 -8.01756009e-02
  4.94839251e-03  6.78008497e-02 -4.40092757e-02 -6.71701133e-02
 -3.77394934e-03  2.04082206e-02 -8.25495459e-03 -1.91995651e-02
 -3.97188477e-02  4.34952788e-02 -3.29634664e-03 -5.24444580e-02
 -1.06928676e-01  1.12576663e-01 -1.69228509e-01  1.22515345e-02
  6.82772473e-02 -4.17731367e-02 -3.83129083e-02 -6.13931641e-02
 -2.56158761e-04  3.04010995e-02  1.11166440e-01  2.57600117e-02
 -3.99270505e-02 -2.91478783e-02 -4.16332558e-02  4.47685607e-02
 -8.08247402e-02  1.53812254e-02  7.38449171e-02 -4.00660560e-02
  3.18440758e-02 -6.54277653e-02 -5.31772971e-02 -3.78409252e-02
 -9.63832363e-02 -3.87322642e-02  2.16171592e-02  2.78473645e-02
  4.06353828e-03  2.26373393e-02 -1.00294640e-02 -5.82937803e-03
 -9.12197307e-02 -2.53734607e-02 -2.06021499e-02 -8.87600854e-02
  7.81278834e-02  3.89574398e-03 -1.05392978e-01 -2.71548331e-02
 -8.27208236e-02 -6.00139163e-02  3.43274102e-02  3.32694091e-02
  6.42125607e-02 -1.54437860e-02  1.63784362e-02  2.82048509e-02
 -3.85208875e-02 -8.43508227e-04  5.09357192e-02 -4.50990349e-02
  2.29003225e-02 -4.90277559e-02  1.84339210e-02  1.27399093e-32
  4.83288337e-03 -1.58150658e-01  1.13557570e-01 -6.46619424e-02
  2.15767380e-02 -4.54038940e-02  5.87912137e-03 -6.28341213e-02
 -2.51902901e-02 -7.24592507e-02 -2.71602944e-02 -5.87292574e-02
 -9.95754916e-03 -4.13377844e-02  3.93817946e-02 -6.98699728e-02
 -1.26732085e-02 -2.98898835e-02 -1.41179049e-02  4.21194918e-02
 -4.73113433e-02  6.44868761e-02  1.92300752e-02 -2.77286042e-02
  2.77379025e-02 -3.75255980e-02  5.47958054e-02 -3.00936271e-02
 -1.70577597e-02  3.07892393e-02  7.87268206e-02 -5.24826795e-02
 -2.73909681e-02 -6.38238564e-02 -9.44478363e-02  3.23931314e-03
 -9.00182128e-03 -5.50175644e-02 -3.23550925e-02 -6.79009780e-02
  5.69595955e-03 -4.76575978e-02  5.35547845e-02  3.07006761e-02
  3.42687555e-02  7.00191930e-02 -3.51636037e-02 -1.72448587e-02
  2.97058523e-02  8.28764513e-02 -7.08279386e-02  3.87787633e-02
 -1.59081724e-02 -2.66270097e-02  4.23360653e-02  1.10419921e-03
  5.22329519e-03  3.84395346e-02 -3.86618939e-03  6.56245835e-03
  6.81910291e-02 -5.79714368e-04 -1.33012617e-02 -4.73049916e-02
 -1.21467635e-02 -1.62470601e-02 -2.20743380e-02  5.76768210e-03
 -2.62465775e-02 -6.25125840e-02 -2.80218534e-02 -3.69024538e-02
 -5.25841787e-02  7.91570693e-02 -6.57811463e-02  5.92868216e-02
 -1.94842480e-02  3.73652354e-02  1.04210740e-02  1.31419059e-02
 -3.13254632e-02  4.28053252e-02  1.79804210e-02 -8.41744319e-02
  4.55567613e-02  1.25222301e-04 -1.03878817e-02 -1.89644657e-02
  4.14905585e-02  2.37987824e-02 -1.27417315e-02  7.14205354e-02
  4.30309735e-02  2.88004312e-03 -3.25832888e-02 -1.10746835e-32
  1.09435935e-02  2.05054181e-03 -1.07575588e-01  1.08599089e-01
  6.39467454e-03 -5.32853324e-03  7.62140565e-03 -3.49094346e-02
 -2.00144202e-02  2.12438474e-03 -1.23812328e-03 -1.23622818e-02
  9.59150195e-02 -4.10085246e-02  2.85876207e-02 -1.11903548e-02
  9.01969522e-02  7.43724853e-02 -1.66092440e-03 -2.75984611e-02
 -2.71493215e-02  7.43697211e-02  4.75917235e-02 -4.62924741e-04
  1.91282213e-03  2.01207977e-02 -8.28921143e-03  1.18335616e-02
  3.34400535e-02 -1.88630391e-02  1.58526190e-02 -2.04046834e-02
 -3.55941220e-03  5.55385835e-02 -5.14919125e-02 -6.96549192e-02
  9.43494961e-02  2.95370389e-02 -1.52177671e-02 -1.04771201e-02
 -3.63743305e-02  5.41607477e-02  1.02571025e-02  7.21875951e-02
  1.05626634e-04  3.04419082e-02  9.45925992e-03 -8.16572458e-03
  7.63145788e-03 -1.00994319e-01  8.68716612e-02  2.69226320e-02
  3.07644065e-02 -6.05449965e-03  6.62282556e-02  1.56608655e-03
 -4.37614247e-02 -7.16879442e-02 -6.33605644e-02  2.54990757e-02
 -2.03086133e-03  3.50373834e-02  7.38035813e-02 -1.39586348e-02
  4.38395515e-02 -2.09546629e-02 -7.85264187e-03 -3.71799129e-03
  9.98591818e-03 -6.41636550e-02  1.75619684e-02 -2.36083847e-02
 -4.85741496e-02  4.22413610e-02 -2.69249994e-02  9.10720788e-03
 -1.77552477e-02  5.78629710e-02 -2.00929437e-02 -3.02991904e-02
 -1.63228661e-02 -5.90590462e-02 -5.07483184e-02  7.05169067e-02
 -5.85461929e-02 -8.65111947e-02  1.00442126e-01 -1.87203158e-02
 -7.82629289e-03  4.14938219e-02 -4.87406589e-02  1.99077372e-02
  2.02828478e-02  1.30435288e-01  1.65986177e-02 -4.24036095e-08
  3.35436985e-02 -1.07055098e-01 -2.10146494e-02  3.81432436e-02
  2.89266910e-02 -8.59820992e-02  2.80061979e-02 -5.46404347e-02
 -3.75522263e-02  3.05559523e-02 -5.93263023e-02  1.86846983e-02
 -9.43081174e-03  2.75624804e-02  7.28334188e-02 -6.46653539e-03
  1.13109246e-01  3.24307308e-02  2.99051646e-02 -4.06877436e-02
  1.10838830e-01 -7.33354092e-02  8.33375379e-05  6.63885996e-02
  3.31179276e-02  6.86102435e-02 -7.88875297e-03  1.78668369e-02
  1.17921799e-01  2.77350955e-02  6.10697530e-02  4.30990383e-02
  1.61849484e-02  2.35179011e-02  1.00330533e-02  2.57620011e-02
 -6.74883723e-02  2.21262630e-02  6.22653030e-02  8.08067620e-02
 -1.30658913e-02 -2.80145109e-02  9.09688473e-02  2.16784179e-02
 -1.63301378e-02 -5.38305705e-03  2.20295824e-02  1.53796384e-02
 -4.81629670e-02 -1.10398278e-01  1.44108767e-02 -5.23099005e-02
  1.12415187e-01  4.40973192e-02  2.47066319e-02  1.23937286e-01
  9.74636301e-02  2.68548029e-03  1.33227231e-02  6.74833879e-02
  7.37846047e-02  1.01421876e-02 -3.30187790e-02  5.90296127e-02]",0.12499999999999999,1,0.0,0,0.7,1.0,0.0,0.41000000000000003,LOW,komersial,oposisi,organik,0.25249999999999995,0,0,0,0
ptr_sdrmn5567,0,0,0,1.0,1,1.0,0.0,0.0,0.0,1.0,0.0,"[ 1.86472833e-02  9.22742784e-02 -4.02504727e-02 -2.37249956e-03
 -6.95905015e-02  1.95988435e-02  9.93874967e-02  1.39987143e-03
 -2.02028845e-02 -4.32251021e-02  4.35217172e-02 -3.82783897e-02
 -2.71696365e-03 -9.00180563e-02  5.60799614e-02  3.10233008e-04
 -2.11605541e-02  1.01420274e-02 -4.40075509e-02 -3.94830145e-02
  2.46588103e-02  1.81282368e-02 -3.89371514e-02  3.37317251e-02
 -1.80574413e-02  3.40939946e-02  6.17430545e-02 -4.99403551e-02
 -6.01678481e-03 -3.98811474e-02  1.60520393e-02  1.30339444e-01
  7.29821026e-02 -7.20234727e-03  1.94980837e-02  9.71725807e-02
 -5.02767935e-02 -2.75622960e-02  1.75392106e-02 -2.34826338e-02
 -1.28952730e-02 -6.54859468e-02  5.85510349e-03 -4.85300981e-02
  5.94903901e-02  2.22274871e-03 -8.66307467e-02 -2.04776824e-02
 -1.86925661e-02  1.24374572e-02 -7.51965642e-02  1.74756479e-02
  3.47196124e-03  1.82987545e-02  7.43120462e-02 -1.30210578e-01
 -6.89695105e-02  5.97492442e-04  1.89306512e-02 -6.98904544e-02
 -2.08724756e-02  5.33453859e-02 -6.60446472e-03 -1.60797909e-02
  6.47007525e-02 -2.72710696e-02  4.20808606e-02 -3.15000303e-02
 -1.82144698e-02  2.61968207e-02 -7.50705078e-02 -1.02788784e-01
 -6.36399910e-02  1.08931340e-01 -1.29936635e-01 -1.01314979e-02
  6.03546351e-02 -2.74822228e-02  2.46535670e-02 -9.43141710e-03
 -1.03167985e-02  3.62265557e-02  7.92858526e-02  5.04777841e-02
 -7.50101060e-02 -1.84928179e-02 -8.90408680e-02  1.55013241e-02
 -5.05535640e-02  1.14920894e-02  6.77152425e-02  1.85940955e-02
  2.88326554e-02 -5.09700514e-02 -5.32315895e-02 -6.05220757e-02
 -1.51409328e-01 -4.00033817e-02 -2.30110697e-02  6.39340952e-02
 -1.26009695e-02  5.17817102e-02  3.37381335e-03 -5.58812059e-02
 -3.14146876e-02 -4.99662906e-02  2.78715026e-02 -5.04538752e-02
  4.16766144e-02  7.29885139e-03 -8.71825665e-02  8.46711732e-03
 -6.74796849e-02 -3.41710187e-02  4.71985154e-02  3.08671705e-02
  3.33619304e-02 -7.20546022e-03  2.75026057e-02  2.40796395e-02
 -1.54837286e-02  7.24080019e-03  2.30507553e-02 -5.13397492e-02
 -6.16780110e-02 -3.70926745e-02  2.96248011e-02  1.36219445e-32
 -2.93014999e-02 -9.15421098e-02  1.03310108e-01 -6.29463941e-02
  2.21729241e-02 -1.18869483e-01  3.17780152e-02 -1.08330041e-01
  1.09985257e-02 -4.37750854e-02  1.41562680e-02 -1.03192898e-02
 -2.13429686e-02 -2.54466105e-02  3.75517607e-02 -6.77791387e-02
 -2.28808615e-02 -2.96430048e-02 -3.71450558e-02  5.03663607e-02
 -5.40262535e-02  8.66466537e-02  7.34379962e-02 -3.75346206e-02
  1.07916561e-03 -2.20451914e-02  2.91341785e-02 -6.24139942e-02
  3.57377306e-02  5.07536717e-02  6.41541630e-02  7.48759089e-03
 -5.81577271e-02 -5.43834344e-02 -1.42301947e-01 -3.09122242e-02
 -2.18438394e-02 -5.55753037e-02 -4.45667207e-02 -8.99450704e-02
  2.76401406e-03 -2.75957640e-02  3.05709802e-02  2.88894344e-02
  2.75269579e-02  1.22664601e-01 -4.52091135e-02  1.22418385e-02
 -7.88923167e-03  1.18054651e-01 -8.14697072e-02  7.38649163e-03
 -3.98782529e-02 -5.90670705e-02  3.05474065e-02 -4.22866829e-02
  1.21034496e-02 -1.46679264e-02  2.90036947e-03  4.39959811e-03
 -3.06863524e-02 -2.35901996e-02  4.72933613e-03 -9.90093034e-03
 -1.30488619e-03 -6.49449974e-02 -3.47156636e-02  3.03363428e-03
 -1.98823381e-02 -6.75946623e-02  3.32562556e-03 -6.07761834e-03
  1.58628561e-02  7.89674819e-02 -9.02033374e-02 -3.96084450e-02
  5.05770743e-03  5.77959307e-02 -1.53593691e-02  7.40141645e-02
 -7.03702820e-03  5.93256317e-02  3.46234553e-02 -8.93742591e-02
  8.34047869e-02  4.31427509e-02  3.72145474e-02 -4.47053760e-02
  3.80836874e-02  7.53433034e-02 -7.91521966e-02  7.31608942e-02
  1.45368781e-02  5.08185476e-02 -1.17622158e-02 -1.32850963e-32
  5.43043502e-02 -2.23350129e-03 -7.38177896e-02  7.32908323e-02
 -6.68119267e-03  3.17201763e-02  5.39221801e-02 -4.11948301e-02
 -3.45389685e-03  2.85448581e-02  1.23280911e-02 -5.21248020e-03
  6.82904497e-02 -5.20495512e-03  4.32875153e-04 -3.52707319e-02
  1.16780505e-01  5.80926128e-02 -4.05153148e-02  2.26769615e-02
 -3.60496284e-04  1.01522736e-01  2.87065506e-02  5.73370792e-02
  1.56667009e-02  3.33517301e-03 -1.49446437e-02  2.99402159e-02
 -1.06289387e-02 -3.52508883e-04  4.82298248e-02 -7.51218013e-03
 -2.33864263e-02  3.84214744e-02 -1.02180215e-02 -1.37502760e-01
  8.02938119e-02  2.55074725e-02 -4.38294522e-02  2.53992621e-02
 -2.59537082e-02  2.54818592e-02 -5.61943427e-02  2.29454432e-02
 -1.09701632e-02  3.96270119e-02  4.30313358e-03 -1.61288213e-02
 -3.57540362e-02 -1.26074463e-01  8.70107636e-02  1.76587596e-03
  4.48167436e-02 -2.09224131e-02  1.40415728e-02  4.50803600e-02
 -4.40459996e-02 -5.00507317e-02 -8.23853314e-02  2.02841349e-02
 -5.58670890e-03  4.49685864e-02  5.77578284e-02 -1.74392443e-02
  3.36356163e-02  1.62071257e-03  2.40456406e-02 -6.65520951e-02
  1.65789127e-02 -7.43349195e-02 -1.91619024e-02 -2.17615142e-02
  1.55853014e-03  3.82426083e-02 -3.93460132e-02 -5.95746748e-03
 -3.07422690e-02  5.69072925e-02 -1.84351262e-02 -4.67258319e-02
  4.20429232e-03  2.27635223e-02 -5.48935197e-02  7.11231381e-02
 -3.86211313e-02 -6.38631880e-02  6.60027340e-02  2.42609009e-02
  2.20407965e-03  1.73984468e-02 -4.87532020e-02  2.72491276e-02
 -1.43994242e-02  1.50391534e-01  1.91163421e-02 -4.45849864e-08
 -2.47434294e-03 -1.13944061e-01 -3.09140794e-02  8.80177133e-03
 -1.71261355e-02  1.04332734e-02 -3.18839244e-04 -7.34271333e-02
 -2.58516148e-02  2.76779309e-02 -2.30611227e-02  2.80509815e-02
 -2.40821224e-02  9.71195102e-03  4.61207293e-02 -2.51887329e-02
  9.56865773e-02  8.18268657e-02  1.06092654e-02 -5.27453981e-02
  9.40302759e-02 -7.62343854e-02  4.76788878e-02  7.08808154e-02
 -5.12747839e-03  8.40036497e-02  6.92566112e-03  1.76579542e-02
  5.11871502e-02  4.18617949e-02  1.84990913e-02  9.77630820e-03
 -8.28042440e-03  2.37014554e-02  7.52253830e-03 -3.78873385e-03
 -8.99472460e-03 -7.34440330e-03  5.83732873e-02  7.04945475e-02
 -6.18634932e-02 -4.82042097e-02  9.66721997e-02  4.72230045e-03
 -8.07138681e-02 -1.42538361e-02 -4.66098823e-03  3.87285389e-02
 -4.76724096e-02 -8.36406723e-02 -1.93568878e-03 -4.02062535e-02
  4.71453257e-02 -4.07034298e-03  3.02282851e-02  1.25773728e-01
  8.68940577e-02 -2.26943437e-02 -1.91729348e-02  3.12008206e-02
  1.34794667e-01 -4.26940471e-02 -7.19135925e-02  3.94625291e-02]",0.12499999999999999,1,0.0,0,0.7,1.0,0.0,0.41000000000000003,LOW,komersial,oposisi,organik,0.25249999999999995,0,0,0,0
queen_naziaa,0,0,0,1.0,1,1.0,0.0,0.0,0.0,1.0,0.0,"[ 2.12514009e-02  7.64134452e-02 -4.86253053e-02  6.34720735e-03
 -8.31187516e-02 -2.47329893e-03  1.00696675e-01  2.73885224e-02
 -1.15753459e-02 -5.15735745e-02  5.75488284e-02 -3.51849124e-02
  1.16654104e-02 -8.45756307e-02  4.20197584e-02  2.62210108e-02
  2.92041642e-03  3.61031480e-02 -2.08413471e-02 -4.53425869e-02
 -1.13431141e-02  2.62822881e-02 -2.79341396e-02  4.89547327e-02
  2.03941949e-03  3.64441564e-03  8.47055316e-02 -3.82241867e-02
 -2.88523640e-02 -3.41990814e-02  2.83871610e-02  1.56325772e-01
  7.92043880e-02 -3.83056663e-02  3.35753411e-02  6.42913952e-02
 -2.14543454e-02 -2.94178706e-02  7.70468116e-02  7.68185407e-03
 -2.04698537e-02 -4.17464748e-02  1.10583578e-03 -5.14693893e-02
  4.05475944e-02  5.87520469e-03 -7.97116682e-02  1.71465240e-02
  3.24432459e-03  2.00070790e-03 -4.96476889e-02  2.19685920e-02
 -3.79222371e-02  5.20252883e-02  5.49371392e-02 -1.51432768e-01
 -9.12802145e-02 -3.49204689e-02  3.24491709e-02 -8.75244290e-02
 -5.13984784e-02  6.77032620e-02  2.96346121e-03 -2.28689071e-02
  3.97683419e-02 -2.89177261e-02  3.31435017e-02 -3.48738618e-02
 -4.92299628e-03  5.66974841e-02 -7.92781562e-02 -7.43513554e-02
 -2.45072655e-02  7.39730224e-02 -1.26619101e-01 -1.82429589e-02
  4.93272282e-02 -4.69117910e-02 -5.78077231e-03 -2.58241855e-02
 -7.20860735e-02  3.53919417e-02  1.10187277e-01  3.06201465e-02
 -6.56474456e-02  1.05795562e-02 -7.44667575e-02  3.94109637e-02
 -5.55484444e-02 -1.42804105e-02  7.68965259e-02 -2.10339800e-02
  6.13830611e-02 -5.58976047e-02 -7.15887472e-02 -7.36715347e-02
 -8.77041817e-02 -4.12915125e-02 -3.63911688e-02  6.17651790e-02
  6.53499551e-03  7.41689280e-03  2.97905505e-02 -5.83779067e-02
 -4.50353660e-02 -5.37702218e-02  1.48589984e-02 -8.08356255e-02
  4.75741588e-02 -1.22243250e-02 -1.05932347e-01 -1.30726974e-02
 -6.68757483e-02 -9.95561033e-02  4.50574718e-02  4.07712236e-02
  4.94239219e-02  1.03034722e-02  1.10442070e-02  2.61207614e-02
 -1.80313811e-02  3.58987898e-02  3.39056738e-02 -1.10126529e-02
 -1.52198309e-02  2.06138613e-03  1.57749951e-02  1.34446549e-32
 -2.86675263e-02 -9.37864780e-02  1.35661870e-01 -2.23620348e-02
  1.21249342e-02 -1.08313933e-01  2.60388181e-02 -9.71220359e-02
  2.31934013e-03 -3.74767371e-02  1.19110979e-02 -2.24682712e-03
  2.87032761e-02 -2.45262440e-02  8.45465064e-03 -4.90564071e-02
 -5.61477058e-02 -5.61059341e-02 -6.22407421e-02  4.44262139e-02
 -7.19585121e-02  3.74978781e-02  6.06875718e-02  1.37233185e-02
  1.01216473e-02 -3.79093029e-02  3.39548625e-02 -4.01982889e-02
  1.95614016e-03  5.48388101e-02  4.36654314e-02  1.04213571e-02
 -5.76526374e-02 -4.64606322e-02 -1.16914719e-01 -2.31981538e-02
 -1.70312182e-03 -5.16467616e-02 -2.48996671e-02 -8.97142142e-02
 -1.66336205e-02 -3.78775597e-02  3.83085683e-02  5.86899417e-03
  4.86275479e-02  1.09461039e-01 -6.09931350e-02  1.26407938e-02
 -1.08228978e-02  1.04214326e-01 -4.28722054e-02  5.52860554e-03
 -1.97733883e-02 -2.83406507e-02  1.45510156e-02 -5.23964427e-02
 -8.22488801e-04  2.94050761e-03  1.28708556e-02  3.95196490e-02
  3.24437831e-04 -8.19753110e-03 -1.04155671e-02 -4.71765697e-02
  1.80710733e-04 -1.74149331e-02 -3.98754701e-02 -1.15012880e-02
 -4.10371721e-02 -3.67262699e-02 -2.33920403e-02 -8.16702377e-03
 -9.03267972e-03  1.12281032e-01 -6.43714443e-02 -4.11531404e-02
  7.95991067e-03  2.31892020e-02  2.57557984e-02  7.10273758e-02
 -1.40193161e-02  4.79598865e-02  2.13911179e-02 -1.10435463e-01
  3.10130324e-02  1.45729408e-02  3.68534750e-03 -6.52717054e-02
  4.38578352e-02  3.78666073e-02 -1.08685873e-01  6.39593080e-02
  4.51470874e-02  2.31869761e-02 -1.78304445e-02 -1.31112803e-32
  2.35355627e-02 -1.26188761e-02 -1.31616250e-01  9.76359919e-02
  1.02089508e-03  3.17878313e-02  7.58387819e-02 -4.68132682e-02
  2.53630467e-02  8.24106019e-03  1.44016556e-02 -5.97587973e-03
  7.25409240e-02  1.41771892e-02  6.84430497e-03  1.27721205e-02
  9.23571512e-02  9.13591534e-02 -1.62075029e-03 -3.60895530e-03
  3.56575963e-03  8.94359499e-02  1.00077214e-02  4.35492732e-02
  1.07877096e-03  2.55493894e-02 -2.37168614e-02 -6.77586417e-04
  2.91618239e-02  2.01549940e-02  1.96167566e-02  8.11615121e-03
 -2.55921651e-02  3.89018357e-02 -5.15672117e-02 -1.29069716e-01
  5.42373359e-02  3.66335846e-02 -5.52799739e-02 -2.51660612e-03
 -6.58094734e-02  2.23120674e-02 -3.52396886e-03  4.96447198e-02
  3.05466447e-03  1.99274626e-02  1.94140989e-02  4.75943647e-03
 -4.91126962e-02 -1.29462734e-01  3.94411758e-02  9.06060264e-03
  1.66576467e-02  1.46994386e-02  1.70850139e-02  5.66871427e-02
 -4.95284311e-02 -6.02584071e-02 -5.26301414e-02  6.30941382e-03
 -1.58610810e-02  4.12051044e-02  5.96968867e-02  1.90206375e-02
  4.75498326e-02 -1.13062104e-02  1.64007966e-03 -6.01481833e-02
  4.36969921e-02 -1.20129541e-01  4.22648825e-02 -6.93654781e-03
 -2.25453861e-02  2.46925768e-03 -3.48241888e-02 -3.38779227e-03
 -2.27199551e-02  6.61353320e-02 -3.70367430e-02 -1.77661423e-02
  2.43146922e-02 -2.47798059e-02 -5.62560670e-02  1.09926030e-01
 -5.67267500e-02 -6.60858527e-02  5.46863005e-02 -3.86632077e-04
  1.70406280e-03 -2.89112912e-03 -5.13580889e-02  1.58072989e-02
 -1.35493493e-02  1.39846578e-01  5.24763837e-02 -4.40139765e-08
  1.71636976e-02 -8.98062214e-02 -1.54503146e-02  2.76756641e-02
 -2.16611475e-02  9.68742277e-03  1.19104106e-02 -3.57274376e-02
 -4.97816019e-02  2.99751982e-02  2.31505590e-04  7.83333555e-02
 -1.86675787e-02  8.84667039e-03  5.41861504e-02 -3.18224658e-03
  1.12929799e-01  6.69254288e-02  6.62276428e-03 -4.85047437e-02
  9.46035683e-02 -6.08518422e-02  7.98394978e-02  5.66285513e-02
 -1.25385998e-02  6.57854602e-02  1.35432947e-02  1.45864266e-03
  7.31532872e-02  3.74847390e-02  1.30141852e-02  2.44925730e-02
 -2.24224273e-02 -7.05507305e-03  1.45342387e-02  6.14769349e-04
 -6.81789368e-02  1.60451327e-02  8.15585405e-02  1.05557762e-01
 -8.81710947e-02 -2.57748850e-02  6.31461069e-02 -8.89339484e-03
 -5.21105267e-02 -2.96980161e-02 -2.64263730e-02  3.71080055e-03
 -3.30188572e-02 -1.09060071e-01  1.58534979e-03 -1.04843145e-02
  5.67582287e-02  1.38257407e-02  3.17964591e-02  1.19751357e-01
  6.03031926e-02 -4.15526852e-02 -3.04504558e-02  1.85071910e-03
  1.24556005e-01 -2.01810673e-02 -4.86007966e-02  3.27215716e-02]",0.12499999999999999,1,0.0,0,0.7,1.0,0.0,0.41000000000000003,LOW,komersial,oposisi,organik,0.25249999999999995,0,0,0,0
rizky_bintang1,0,0,0,1.0,1,1.0,0.0,0.0,0.0,1.0,0.0,"[-8.87963083e-03  6.04777448e-02 -3.17644924e-02  6.43433584e-03
 -7.73642734e-02 -4.58630314e-03  1.54809365e-02  4.56920080e-03
 -2.59669013e-02  6.83663972e-03  1.53124109e-02 -4.79470044e-02
 -5.71638048e-02 -5.60112968e-02  5.65195754e-02 -4.19509411e-02
 -3.65986787e-02  2.90437657e-02 -2.68076137e-02 -9.00616348e-02
 -2.83972826e-02  3.67662311e-02 -1.14173554e-02  4.05247556e-03
  1.68673955e-02  5.26065528e-02  8.91737640e-02 -1.27570136e-02
  3.11228707e-02 -9.07728523e-02 -1.35912346e-02  1.11787602e-01
  3.99973951e-02  9.53750627e-04 -3.96292284e-02  9.69830453e-02
 -4.63942327e-02 -2.07624976e-02  9.69296545e-02 -4.62902337e-02
  1.07695498e-02 -3.74773331e-02  2.81790569e-02 -8.80388692e-02
  4.72060852e-02 -1.66854151e-02 -1.00040033e-01 -2.42718495e-03
 -1.11668073e-02 -1.88276619e-02 -5.06344326e-02 -1.58690661e-02
 -5.14260419e-02  2.10115481e-02  8.25477839e-02 -1.32503092e-01
 -3.58247310e-02 -2.28061085e-03  1.66886039e-02 -6.84393793e-02
 -1.67032909e-02  6.33956268e-02 -2.82365773e-02  3.33703379e-03
  5.26227877e-02 -4.11038287e-02  6.69875322e-03  3.90385464e-02
 -3.40829231e-02  2.17899289e-02 -9.10410658e-02 -6.24996983e-02
 -1.67431850e-02  6.39841780e-02 -1.26147941e-01  8.84677470e-03
  1.05022546e-02  4.55915323e-03  1.58102624e-02 -1.34416884e-02
  2.99231242e-02  2.44333800e-02  7.58593678e-02  2.90224850e-02
 -5.24828807e-02 -1.75690260e-02 -4.49371003e-02  2.53989473e-02
 -6.50681853e-02 -1.90710407e-02  1.01914577e-01  2.17846781e-02
  4.25007641e-02 -2.40993742e-02 -3.95126715e-02 -2.66281306e-03
 -1.31845593e-01 -3.68098132e-02 -2.53883246e-02  5.58181033e-02
 -1.04924280e-03  3.11849695e-02  5.80894612e-02 -2.09755823e-02
 -4.05747294e-02 -2.54686773e-02  3.55621451e-04 -6.71352819e-02
  6.99163154e-02 -1.95446983e-02 -1.39144912e-01 -3.58585385e-03
 -1.14034861e-01 -1.05492450e-01  4.99289855e-02  2.01689675e-02
  3.14015187e-02  2.85746306e-02  1.66410732e-03  2.82219332e-02
 -2.09838301e-02 -6.06929511e-02  3.14255129e-03 -6.10968322e-02
 -2.59757740e-03  1.54694561e-02  4.60567810e-02  1.36408596e-32
  3.00780740e-02 -1.04962535e-01  8.08085129e-02 -5.73659502e-02
 -3.43310297e-03 -1.03396796e-01  1.49892806e-03 -8.06936175e-02
 -1.55057609e-02 -1.22246807e-02  5.31577095e-02  2.76681669e-02
 -3.01706269e-02 -1.24503649e-03  7.78330639e-02 -6.42037764e-02
 -1.74259357e-02 -4.65398235e-03 -7.38234445e-02  4.58588339e-02
  7.39915436e-03  6.92978501e-02  3.13067138e-02 -1.25119807e-02
  3.06499451e-02  9.73490649e-04  5.48739173e-03 -4.63781878e-02
 -1.12433657e-02  4.85806093e-02  8.20828378e-02 -1.90337785e-02
 -7.61322454e-02 -2.68724449e-02 -1.43093064e-01 -4.69752662e-02
 -2.43282691e-02 -8.19824934e-02  2.27673189e-03 -7.79616237e-02
  1.60086714e-02 -5.35886399e-02  3.19404081e-02  4.78195697e-02
  1.74224526e-02  6.64178655e-02 -4.94106226e-02 -2.94859800e-02
  2.93917283e-02  1.14984669e-01 -9.25116390e-02  1.20219858e-02
 -4.01259474e-02 -2.61195824e-02  6.52358234e-02 -2.36078892e-02
  9.63206030e-03  2.41632182e-02  3.03828269e-02  1.09506287e-02
 -3.54168005e-02 -1.39252488e-02  8.83942284e-03 -1.79306406e-03
 -2.14293413e-02 -4.70547341e-02  1.37117617e-02  7.18686683e-03
  1.79268587e-02 -8.62245634e-02  4.01168270e-03 -9.21608787e-03
  9.98247974e-03  7.42349103e-02 -8.10424164e-02  1.54878292e-02
 -2.85343919e-03  4.07380722e-02  1.54075038e-04  5.92064299e-02
 -3.57829817e-02  5.85137159e-02  1.63770188e-02 -8.35899711e-02
  6.90815821e-02  3.22023556e-02  6.99022273e-03 -8.25866535e-02
  5.19376621e-02  2.44156029e-02 -1.11607999e-01  6.22737482e-02
  1.60897709e-02  3.31334099e-02 -2.43500657e-02 -1.25209706e-32
  7.41797686e-02  5.14891520e-02 -8.49822909e-02  6.31184354e-02
 -3.56745459e-02  1.43808732e-02  3.88759002e-02 -1.37658445e-02
  2.14721239e-03  3.06806266e-02  4.53141844e-03 -5.59253211e-04
  1.18845530e-01  2.13931203e-02  3.29891890e-02 -3.97043042e-02
  9.06342864e-02  6.82113022e-02 -1.54346144e-02  9.64216702e-03
  2.73980461e-02  6.58981502e-02 -4.96553965e-02  4.31574024e-02
  3.51568311e-02  1.83054749e-02 -4.31119390e-02 -4.51583378e-02
  1.56191094e-02 -2.03597881e-02  8.29612166e-02  4.30734828e-04
 -3.11443042e-02  7.65719190e-02 -8.91183093e-02 -1.50838554e-01
  6.64769635e-02  2.46211383e-02 -6.88789189e-02  2.84099579e-02
  5.64440265e-02  3.81862223e-02 -5.39305294e-03  1.04231322e-02
 -7.07470775e-02 -1.56785734e-02  4.94030155e-02 -8.11423827e-03
 -1.92917343e-02 -1.49167389e-01  3.07272878e-02  4.06680554e-02
  5.39927073e-02 -2.87625603e-02  6.89391792e-02  5.58782332e-02
  7.65234465e-03 -8.70577246e-03 -8.17065984e-02 -2.22890475e-03
  1.33841857e-02  2.41508372e-02  6.82636350e-02  8.96575674e-03
  5.62339053e-02  2.55931672e-02  4.86952662e-02 -3.11134662e-02
  5.08500403e-03 -7.70110562e-02 -8.74693692e-03 -4.34642583e-02
 -4.12940159e-02  9.37514997e-04 -2.08091340e-03  4.23627049e-02
 -5.17917648e-02  6.50603846e-02  8.67557619e-03 -1.89188737e-02
  3.01297754e-02 -1.12435292e-03 -1.01856664e-01  2.19445489e-02
 -2.59638838e-02 -3.17087546e-02  4.99097332e-02 -2.74821948e-02
  5.34216836e-02 -1.75561681e-02 -4.42063361e-02  1.33094601e-02
  8.72788602e-04  1.26084343e-01  2.04412658e-02 -4.15025738e-08
  1.24361934e-02 -7.01924115e-02 -1.59723628e-02  5.71861081e-02
 -7.38680223e-03 -3.30019146e-02  1.14599718e-02 -4.65889163e-02
 -5.41331060e-02  5.50602563e-02 -1.95066929e-02 -3.31176957e-03
 -1.87867396e-02 -1.98886860e-02  6.03779666e-02 -1.84098892e-02
  8.83085430e-02  6.18484691e-02  2.19422858e-02 -4.52185683e-02
  8.90663192e-02 -4.01833020e-02  4.44664508e-02 -3.71897267e-03
  1.71534587e-02  9.78545919e-02  3.87370102e-02  2.27592457e-02
  4.57271524e-02  9.57676321e-02  3.14841829e-02  1.35445325e-02
 -3.05360816e-02 -1.57081278e-03 -2.81919329e-03 -3.37361149e-03
 -3.28811780e-02 -2.43163039e-03  2.95182932e-02  5.27317673e-02
 -3.14165466e-02 -4.51003574e-02  1.05052665e-01  1.91895477e-02
 -4.83582541e-02  4.22348753e-02 -1.63659249e-02  1.30732330e-02
 -2.60075275e-02 -1.26320407e-01 -5.02167083e-02 -5.71758822e-02
  3.48843485e-02 -1.06347669e-02  2.37501450e-02  1.23760886e-01
  6.85403123e-02  1.57575905e-02 -2.17961799e-02 -1.48633514e-02
  1.14883207e-01 -3.71040627e-02 -8.64484683e-02  5.46061061e-02]",0.12499999999999999,1,0.0,0,0.7,1.0,0.0,0.41000000000000003,LOW,komersial,oposisi,organik,0.25249999999999995,0,0,0,0
